"3",50000,6,2,1,1,2,16,45,74
"4",60000,5,6,2,1,2,16,32,66
"5",30000,5,4,2,1,2,16,61,64
"7",50000,5,3,2,3,2,16,99,63
"9",51000,5,3,2,1,2,17,51,63
"10",9000,5,4,2,1,2,15,64,64
"11",29000,5,2,2,1,2,12,41,62
"12",32000,6,1,1,1,2,17,44,73
"13",2000,6,0,1,1,1,15,69,72
"15",27000,6,0,1,1,2,12,64,72
"16",6530,5,10,1,1,2,16,25,70
"18",30000,5,8,1,1,2,11,56,68
"19",12000,5,8,1,1,2,12,63,68
"21",12000,5,5,2,1,2,12,39,65
"26",22000,5,6,2,1,2,16,55,66
"29",17000,5,8,1,1,2,12,32,68
"30",40000,5,8,2,1,2,14,61,68
"31",44000,5,10,1,1,2,13,46,70
"33",7000,5,4,2,2,2,12,35,64
"34",53000,6,1,1,2,2,13,55,73
"36",5000,5,2,2,1,2,13,39,62
"38",14000,5,3,2,1,2,14,69,63
"40",5500,5,7,1,1,2,14,68,67
"41",40000,5,6,2,1,2,12,49,66
"42",34000,6,0,1,1,2,12,45,72
"45",10000,5,3,2,2,2,12,55,63
"47",27000,5,4,2,1,2,16,30,64
"51",50000,6,0,1,1,2,16,52,72
"53",41000,6,5,1,1,2,16,57,77
"55",15000,5,4,2,1,2,14,65,64
"56",25000,5,4,2,1,2,12,57,64
"58",75000,6,0,1,1,2,17,51,72
"60",27000,5,8,1,1,2,17,59,68
"61",12000,5,4,2,1,2,12,64,64
"63",7500,5,1,2,1,2,14,12,61
"67",30000,5,7,2,2,2,14,59,67
"68",21000,5,5,2,1,2,12,33,65
"69",27000,5,4,2,1,2,14,64,64
"71",3000,5,7,2,1,2,15,25,67
"72",25000,5,5,2,1,2,12,60,65
"73",24000,5,5,2,1,2,12,49,65
"74",32000,5,7,2,1,2,18,61,67
"77",10000,5,8,2,1,2,17,60,68
"79",11000,5,0,2,1,1,12,69,60
"80",18700,5,5,2,1,2,13,58,65
"81",20000,5,2,2,1,2,12,61,62
"82",3500,6,0,1,1,2,10,72,72
"84",13000,5,7,1,2,2,8,34,67
"86",25000,5,10,1,1,2,12,25,70
"87",21000,5,10,1,1,2,17,49,70
"88",34000,5,8,2,1,2,17,41,68
"91",6000,5,0,2,1,2,12,25,60
"92",17000,5,11,1,1,2,12,62,71
"94",35000,5,11,1,1,2,12,58,71
"95",4000,6,1,1,1,2,13,72,73
"97",14000,5,8,2,1,2,14,35,68
"98",10000,5,6,2,1,2,12,33,66
"113",3840,5,7,2,1,2,9,38,67
"115",22000,5,11,1,1,2,12,51,71
"116",200,5,0,2,1,2,16,37,60
"117",26000,5,6,2,1,2,16,63,66
"118",2500,5,6,2,1,2,15,69,66
"119",17000,5,5,2,1,2,14,51,65
"121",8000,5,10,2,1,2,13,68,70
"124",12000,5,6,2,1,2,13,22,66
"125",10000,5,2,2,1,2,12,43,62
"128",10000,5,6,2,1,2,15,23,66
"130",15000,6,0,1,1,2,12,51,72
"136",2400,5,7,2,1,1,8,51,67
"137",30000,5,8,1,1,1,12,58,68
"138",30000,5,10,1,1,2,12,57,70
"139",10000,5,2,2,1,2,12,52,62
"141",5000,5,3,2,1,2,13,64,63
"142",12000,5,6,2,1,2,13,27,66
"143",20000,5,10,2,1,2,10,29,70
"144",20000,5,8,2,1,2,12,54,68
"145",20000,5,10,1,1,2,14,67,70
"150",1200,5,6,2,1,2,12,70,66
"152",700,5,8,2,1,2,16,58,68
"153",20000,5,10,1,1,2,16,63,70
"154",10000,5,1,2,1,1,12,68,61
"155",30000,5,3,2,1,2,12,17,63
"157",40000,5,4,2,1,2,14,34,64
"158",25000,5,7,1,1,2,12,1,67
"161",10000,5,1,2,1,2,17,11,61
"162",60000,5,9,2,1,2,18,27,69
"165",18000,5,8,2,1,2,12,24,68
"168",16040,5,4,2,1,2,12,57,64
"169",15000,5,7,2,2,2,14,60,67
"170",10000,5,9,1,1,2,17,67,69
"171",33000,5,7,2,1,2,13,47,67
"172",18000,5,8,2,1,2,12,60,68
"173",15000,5,3,2,1,2,12,53,63
"174",21000,5,11,1,1,2,12,68,71
"175",21000,5,4,2,2,2,17,47,64
"176",37000,5,8,1,1,2,11,53,68
"177",38000,5,8,2,1,2,17,46,68
"178",17000,5,6,2,1,1,14,47,66
"182",32000,6,5,1,1,2,16,60,77
"184",27500,5,7,2,1,2,12,32,67
"186",16500,5,2,2,1,2,12,46,62
"190",25000,5,7,2,1,2,18,55,67
"191",27000,5,1,2,1,2,18,47,61
"192",5000,5,4,2,1,2,12,62,64
"194",70000,5,2,2,1,2,16,52,62
"195",5000,5,3,2,1,2,12,50,63
"196",5000,5,8,1,1,2,16,66,68
"199",20000,5,4,2,1,2,15,64,64
"200",4000,6,0,1,1,2,15,69,72
"202",60000,5,4,2,1,2,16,55,64
"203",5000,5,1,2,1,2,13,59,61
"204",30000,6,2,1,1,2,12,52,74
"205",70000,5,10,1,1,2,14,55,70
"207",50000,5,11,1,1,2,16,49,71
"208",44000,5,3,2,1,2,12,51,63
"212",30000,5,4,2,1,2,14,47,64
"217",10000,5,2,2,1,2,16,50,62
"218",23000,5,10,2,1,2,17,48,70
"220",45000,5,11,1,1,2,17,28,71
"221",15000,5,11,1,1,2,14,59,71
"223",4000,5,10,2,1,2,14,19,70
"224",17000,5,7,1,1,2,14,59,67
"225",30000,5,4,2,1,2,12,58,64
"226",27500,5,7,2,1,2,12,60,67
"227",5688,5,2,2,1,2,8,21,62
"228",18000,5,2,2,1,1,13,34,62
"232",43000,5,8,1,2,2,13,46,68
"233",32000,5,2,2,2,2,14,46,62
"236",10000,5,8,2,2,2,18,34,68
"240",60000,6,2,1,1,2,13,45,74
"244",21000,5,8,2,4,2,12,40,68
"245",2400,5,2,2,1,2,16,68,62
"248",1000,5,6,2,1,2,15,62,66
"249",27000,5,8,1,1,2,12,63,68
"250",6600,5,0,2,1,1,14,62,60
"252",16000,5,8,1,1,2,8,47,68
"253",90000,6,0,1,1,2,12,64,72
"254",8000,5,6,2,1,2,12,48,66
"255",20000,5,8,1,1,2,10,58,68
"256",15000,5,8,2,1,2,12,72,68
"257",12000,5,9,2,1,2,12,30,69
"259",24000,5,4,2,1,2,16,44,64
"260",20000,5,5,2,1,2,14,51,65
"262",19000,5,1,2,1,2,12,44,61
"264",10000,6,0,1,1,2,12,41,72
"265",40000,5,6,2,1,2,16,56,66
"273",25000,5,8,1,1,2,14,26,68
"274",25000,5,10,1,1,2,12,66,70
"275",25000,5,11,1,1,2,14,58,71
"276",19000,5,11,1,1,2,16,29,71
"277",44000,5,8,1,1,2,16,42,68
"280",15000,5,0,2,1,2,14,41,60
"281",17000,5,3,2,1,2,12,54,63
"282",24000,5,8,1,1,2,12,34,68
"284",23000,5,4,2,1,2,12,53,64
"285",13000,5,10,1,1,2,12,16,70
"288",65000,5,8,1,1,2,16,44,68
"289",7000,5,1,2,1,2,12,27,61
"291",40000,5,8,1,1,2,18,27,68
"292",15000,5,6,2,1,2,17,47,66
"293",20000,5,10,1,1,2,16,65,70
"296",20000,5,11,1,1,2,12,40,71
"298",20000,5,5,2,1,2,12,48,65
"299",25000,5,6,2,1,2,12,41,66
"301",49000,5,10,1,1,2,13,53,70
"306",25000,5,2,2,1,2,12,25,62
"311",11000,5,6,2,1,2,14,33,66
"312",16000,5,1,2,1,2,15,52,61
"313",35000,6,0,1,1,2,14,47,72
"314",125000,6,2,1,1,2,18,45,74
"315",23000,5,7,2,1,2,12,43,67
"316",17000,5,6,2,1,2,16,62,66
"318",27000,5,2,2,1,2,12,49,62
"319",70000,6,0,1,1,2,14,58,72
"320",35000,5,5,2,1,2,15,43,65
"321",10000,5,0,2,1,2,12,28,60
"323",35000,5,2,2,1,2,15,51,62
"324",15000,5,6,2,1,2,12,52,66
"325",12000,5,4,2,1,2,12,51,64
"326",8000,5,11,1,1,2,12,22,71
"327",8000,5,5,2,1,2,12,40,65
"328",35000,6,1,1,1,2,18,40,73
"329",45000,5,9,1,1,2,11,39,69
"334",15000,5,4,2,1,2,14,68,64
"335",15000,5,1,2,1,2,12,13,61
"337",24000,5,7,2,1,2,18,39,67
"338",25000,5,2,2,1,2,13,58,62
"340",25000,5,3,2,2,2,14,36,63
"341",20000,5,7,1,3,2,10,62,67
"342",24000,5,8,2,1,2,12,66,68
"343",44000,6,0,1,1,2,16,44,72
"344",69000,5,10,1,1,2,12,52,70
"345",62000,5,10,1,1,2,18,46,70
"347",32000,5,7,1,2,2,14,58,67
"348",20000,5,3,2,2,2,12,57,63
"349",32000,5,6,2,3,2,18,55,66
"350",25000,5,6,2,1,2,17,40,66
"351",170000,5,11,1,1,2,18,45,71
"354",35000,5,7,1,1,2,16,57,67
"355",40000,6,4,1,2,2,16,52,76
"356",33000,5,9,1,1,2,14,60,69
"357",18000,5,5,2,1,2,12,68,65
"360",30000,5,2,2,1,2,13,47,62
"361",26000,5,2,2,1,2,12,59,62
"362",5000,5,2,2,1,2,12,69,62
"364",20000,5,2,2,1,2,16,17,62
"367",17000,5,1,2,1,2,12,60,61
"368",32000,5,5,2,1,2,14,62,65
"369",15000,6,0,1,1,2,14,68,72
"371",50000,6,0,1,1,2,14,35,72
"372",8000,5,4,2,1,2,12,51,64
"373",40000,5,11,1,1,2,14,39,71
"374",40000,6,0,1,1,2,15,49,72
"375",32750,5,6,1,1,2,12,56,66
"377",20000,5,5,2,1,2,14,21,65
"378",36000,5,5,2,2,2,15,51,65
"379",6000,5,2,2,1,2,12,26,62
"380",12000,5,6,2,2,1,14,56,66
"382",60000,5,7,1,1,2,14,27,67
"383",40000,5,4,2,1,2,13,46,64
"385",43000,5,3,2,1,2,12,52,63
"386",45000,5,7,2,1,2,16,56,67
"387",6000,5,8,2,1,2,18,51,68
"388",8000,5,4,2,4,2,10,8,64
"389",20000,5,4,2,2,2,13,51,64
"391",17000,5,6,1,2,2,12,67,66
"392",2000,5,5,2,1,2,12,58,65
"393",65000,5,5,1,1,2,12,62,65
"394",50000,6,0,1,1,2,12,49,72
"398",11000,5,8,2,1,2,12,52,68
"399",35000,6,2,1,1,2,18,60,74
"400",27000,5,3,1,1,2,12,57,63
"401",3500,5,4,2,1,2,12,29,64
"403",42000,5,8,1,1,2,12,53,68
"405",20000,5,7,2,1,2,18,61,67
"406",15000,5,7,2,1,2,12,61,67
"407",10000,6,1,1,1,2,12,69,73
"409",6000,5,10,1,1,2,8,12,70
"412",17000,5,5,2,1,1,16,67,65
"414",35000,5,9,1,1,1,16,25,69
"415",28000,6,5,1,1,2,14,62,77
"416",15000,5,8,2,1,2,12,57,68
"417",20000,5,2,2,1,2,17,66,62
"418",20000,5,4,2,1,2,12,61,64
"420",10500,5,7,1,3,1,12,48,67
"421",13000,5,10,1,1,2,16,68,70
"422",10000,5,2,2,1,2,12,38,62
"423",3000,5,3,2,1,2,12,53,63
"424",24000,5,2,2,1,2,14,61,62
"426",17000,5,9,2,1,2,13,55,69
"427",11000,5,4,2,1,2,12,42,64
"429",32000,5,9,2,1,2,14,50,69
"430",17000,4,11,2,1,2,15,64,59
"435",3000,5,6,2,4,2,12,55,66
"440",2100,5,2,2,2,2,12,69,62
"447",3192,6,3,1,2,2,11,56,75
"449",17000,5,3,2,1,2,17,64,63
"450",30000,5,5,2,1,2,13,62,65
"451",15000,5,10,1,1,2,12,58,70
"454",24000,5,8,2,1,2,16,48,68
"455",10000,5,5,2,1,2,14,23,65
"456",50000,5,9,1,1,2,8,37,69
"458",50000,6,0,1,1,2,16,37,72
"460",20000,5,4,2,1,2,17,41,64
"461",30000,5,3,2,1,1,18,36,63
"468",22000,6,1,2,1,2,14,45,73
"470",27000,6,3,1,1,2,12,66,75
"471",4000,5,5,2,1,2,12,52,65
"473",17500,5,6,2,1,2,17,64,66
"474",16500,5,6,2,1,2,14,62,66
"476",28000,5,4,2,1,2,16,51,64
"477",52000,5,6,2,1,2,18,40,66
"478",15000,5,4,2,1,2,16,61,64
"479",19000,5,3,2,1,2,13,58,63
"483",27000,6,1,1,1,2,12,67,73
"484",15000,6,0,1,1,2,8,32,72
"487",15000,6,0,1,1,2,14,57,72
"488",14500,5,4,2,1,2,12,35,64
"491",24000,5,4,2,1,2,13,60,64
"495",18000,5,8,1,1,2,15,54,68
"496",4000,5,2,2,1,2,12,22,62
"498",4000,5,9,2,1,2,13,33,69
"500",700,5,0,2,1,2,12,54,60
"502",24000,5,5,2,1,2,12,99,65
"504",27000,6,4,1,1,2,12,51,76
"505",12000,6,0,2,1,2,12,55,72
"506",22000,5,2,2,1,2,18,43,62
"507",30000,5,2,2,1,2,13,54,62
"509",35000,5,11,1,1,2,12,29,71
"510",20000,6,2,1,1,2,12,48,74
"511",32000,5,5,2,1,2,16,58,65
"512",6000,5,3,2,4,2,12,59,63
"513",12000,5,7,2,1,2,12,51,67
"515",10000,5,3,2,1,2,12,59,63
"516",1000,5,5,2,1,2,12,72,65
"517",12000,5,4,2,1,2,15,19,64
"518",16000,5,5,2,1,2,12,54,65
"521",25000,5,3,2,1,2,16,57,63
"522",25000,5,10,2,1,2,12,63,70
"523",32000,5,8,1,1,2,12,60,68
"525",35000,5,7,1,1,2,14,47,67
"528",6000,5,5,2,1,2,12,62,65
"529",80000,5,9,1,1,2,14,46,69
"530",20000,5,8,2,1,2,14,65,68
"531",1000,5,6,2,1,2,17,52,66
"532",28000,5,11,1,1,1,13,52,71
"533",26000,5,4,1,1,1,16,67,64
"534",27000,6,2,1,1,2,12,66,74
"535",18000,5,2,2,1,2,13,49,62
"536",2000,5,5,2,1,2,12,31,65
"537",20000,5,9,1,1,2,12,24,69
"541",6000,5,6,2,1,2,16,42,66
"549",25000,5,7,1,1,2,11,27,67
"550",12000,6,1,1,1,2,12,61,73
"553",12000,6,4,1,1,2,12,33,76
"554",30000,5,10,1,1,2,14,14,70
"556",4000,5,3,2,2,2,15,68,63
"558",26000,5,3,2,2,2,13,53,63
"563",23000,5,10,1,2,2,12,55,70
"564",21000,5,11,1,1,2,12,57,71
"565",25000,5,5,2,1,2,12,28,65
"566",18000,5,10,1,1,2,16,15,70
"567",4000,5,3,2,1,2,13,46,63
"568",23900,5,4,2,1,2,12,68,64
"570",35000,5,4,2,1,2,18,50,64
"571",26000,5,7,1,1,2,14,60,67
"572",25000,5,6,1,1,2,16,54,66
"573",23500,5,8,2,1,2,13,63,68
"574",12000,5,5,2,1,2,12,68,65
"575",15000,5,7,2,1,2,12,70,67
"577",3000,6,1,1,1,2,17,67,73
"580",6000,5,4,2,1,2,12,23,64
"581",14000,5,11,1,1,2,12,21,71
"582",15000,5,3,2,1,2,16,59,63
"583",175000,5,11,1,1,2,16,42,71
"586",1000,6,1,1,1,2,18,65,73
"587",10000,5,5,2,1,2,14,27,65
"588",45000,5,6,1,1,2,13,8,66
"589",15000,5,6,2,1,2,12,9,66
"592",20000,4,11,2,1,2,13,49,59
"595",35000,5,10,1,1,2,16,60,70
"596",40000,6,0,1,1,2,16,62,72
"597",35000,5,4,2,1,2,12,18,64
"599",50000,5,6,2,1,2,16,36,66
"600",1e+05,5,10,1,1,2,18,33,70
"602",35000,5,9,1,1,2,13,62,69
"604",24000,5,8,2,1,2,12,55,68
"609",35000,6,2,1,1,2,17,47,74
"611",38000,6,1,1,1,2,16,16,73
"616",30000,5,7,1,1,2,12,38,67
"617",5000,5,4,2,1,1,12,51,64
"618",148000,5,7,1,1,2,18,52,67
"619",30000,5,10,1,1,2,12,58,70
"620",6500,5,4,2,1,2,15,59,64
"621",3000,5,2,2,1,2,16,53,62
"624",23000,5,9,1,1,2,18,21,69
"629",40000,5,8,1,1,2,17,49,68
"630",30000,6,0,1,1,2,14,51,72
"632",14000,5,3,2,1,2,12,53,63
"633",15000,5,9,2,1,2,12,56,69
"634",26000,5,4,2,1,2,18,54,64
"635",8000,5,11,2,1,2,12,65,71
"636",24000,5,4,2,2,2,16,63,64
"641",5124,5,6,1,1,2,8,23,66
"642",10000,5,1,2,1,2,15,65,61
"646",12000,5,8,2,1,2,16,58,68
"650",50000,5,8,1,1,2,17,56,68
"652",23000,5,4,2,1,2,13,64,64
"660",40000,5,6,1,2,2,14,56,66
"661",6000,5,2,2,2,2,13,64,62
"663",5000,5,5,2,2,2,16,60,65
"667",110000,5,6,1,1,2,18,53,66
"669",41000,6,0,1,1,1,13,58,72
"671",23000,5,3,2,1,2,13,12,63
"674",21000,5,10,1,1,2,12,67,70
"675",4000,5,2,2,1,2,12,61,62
"676",25000,5,11,1,1,2,12,54,71
"677",30000,5,10,1,1,2,18,44,70
"678",14000,5,4,2,1,2,11,39,64
"679",6000,5,3,2,1,2,12,55,63
"680",14000,5,5,2,1,2,12,44,65
"681",43000,5,11,1,1,2,12,63,71
"682",25000,5,2,2,1,2,15,57,62
"683",40000,6,1,1,1,2,12,24,73
"685",65000,5,8,1,1,2,17,50,68
"686",16000,6,4,1,1,2,15,58,76
"690",8000,5,6,2,1,2,12,19,66
"691",20000,5,4,2,1,2,15,51,64
"692",14000,5,0,2,1,2,14,18,60
"693",45000,5,8,1,1,2,12,16,68
"694",8000,5,1,2,1,2,11,18,61
"696",12000,5,6,1,1,2,12,62,66
"697",8000,5,3,2,1,2,14,59,63
"698",16000,5,3,2,1,2,15,58,63
"700",6000,6,2,1,1,2,15,17,74
"703",19000,5,10,1,1,2,12,58,70
"704",21000,5,8,2,1,2,13,51,68
"705",43000,5,10,2,1,2,18,44,70
"706",35000,5,9,1,1,2,15,69,69
"707",8000,5,10,1,1,2,10,15,70
"708",21000,5,3,2,1,2,14,49,63
"709",5800,5,5,2,1,2,12,60,65
"710",17000,5,9,1,1,2,12,44,69
"713",24000,5,8,1,1,2,14,41,68
"714",5000,5,2,2,1,2,11,19,62
"716",11000,5,6,2,1,2,12,67,66
"717",10000,5,5,1,1,2,13,63,65
"718",40000,5,10,1,1,2,14,54,70
"721",40000,5,10,1,1,2,12,43,70
"722",24000,5,6,2,2,2,14,61,66
"726",24000,5,8,1,1,2,16,64,68
"727",20000,5,8,1,1,2,16,57,68
"730",60000,5,10,1,1,2,18,40,70
"731",11000,5,5,2,1,2,13,43,65
"732",5000,5,4,2,1,2,15,50,64
"736",27000,5,5,2,1,2,16,60,65
"737",89000,6,5,1,1,2,16,49,77
"738",40000,5,10,1,1,2,14,62,70
"739",15000,5,4,2,1,2,16,64,64
"740",1000,5,4,2,1,2,14,70,64
"743",22000,5,4,2,1,2,12,30,64
"744",12000,5,4,2,1,2,8,42,64
"745",22000,5,3,2,1,2,16,62,63
"746",40000,4,10,2,2,2,12,34,58
"750",40000,5,2,2,1,2,16,46,62
"752",35000,5,4,2,1,1,14,37,64
"753",7000,5,4,2,1,2,12,62,64
"755",14000,5,2,2,1,2,12,53,62
"757",15000,5,4,2,1,2,12,34,64
"760",6000,5,6,2,1,2,13,56,66
"761",11000,5,9,2,2,2,12,49,69
"763",10000,5,4,2,1,2,13,59,64
"766",20000,5,11,1,1,2,14,49,71
"768",7000,5,2,2,1,2,12,17,62
"769",38000,5,8,1,1,2,9,44,68
"770",29000,5,8,1,1,2,9,32,68
"771",20000,5,2,2,1,2,10,46,62
"772",8000,5,3,2,1,2,12,33,63
"773",36000,5,9,1,1,2,16,39,69
"774",1500,5,7,2,1,2,12,46,67
"775",42000,5,4,2,1,2,18,61,64
"777",25000,5,10,1,1,2,12,68,70
"780",13000,5,9,1,1,2,10,70,69
"785",30000,5,9,1,2,2,11,39,69
"786",7000,5,9,1,1,2,12,67,69
"788",31000,5,0,2,2,2,12,42,60
"789",15000,5,6,2,2,2,12,48,66
"791",50000,5,7,1,1,2,16,41,67
"793",5000,5,6,1,1,2,15,70,66
"795",600,5,10,2,2,2,12,72,70
"796",14000,5,4,2,2,2,8,39,64
"798",40000,5,0,2,3,2,18,55,60
"799",24000,5,8,1,1,2,18,54,68
"801",22000,6,1,1,2,2,12,66,73
"802",20000,6,0,1,1,2,8,54,72
"803",20112,5,4,2,1,2,12,52,64
"804",12000,5,7,1,1,2,13,23,67
"808",41000,5,7,2,1,2,13,50,67
"809",13000,5,11,1,2,2,9,40,71
"811",60000,6,1,1,1,2,16,59,73
"812",24000,5,10,1,1,2,16,65,70
"813",38000,5,10,1,1,2,16,54,70
"814",3000,5,11,2,1,2,14,63,71
"815",13000,5,6,2,1,2,12,60,66
"816",5000,6,3,1,1,2,12,69,75
"817",20000,5,0,2,1,2,14,53,60
"818",22000,6,0,1,1,2,12,62,72
"821",28000,6,3,1,2,2,9,35,75
"822",22000,5,0,2,1,2,12,49,60
"823",30000,6,1,1,2,2,12,46,73
"825",30000,5,5,2,2,2,12,58,65
"828",30000,5,7,1,1,2,16,59,67
"829",32000,5,1,2,1,2,12,21,61
"830",26000,5,9,2,1,2,17,47,69
"831",22000,5,4,2,1,2,14,56,64
"833",25000,5,10,1,1,2,12,57,70
"834",11000,5,8,2,1,2,10,66,68
"836",13000,5,2,2,1,2,12,37,62
"837",10000,5,4,2,1,2,15,48,64
"840",12000,5,8,2,1,2,12,45,68
"843",7000,5,4,2,1,2,11,26,64
"844",57000,6,1,1,1,2,14,53,73
"845",36000,6,1,1,1,2,16,53,73
"846",29000,5,9,1,1,1,14,61,69
"847",8000,5,8,2,1,2,13,71,68
"848",3000,5,11,1,2,2,11,72,71
"851",20000,5,6,2,1,2,16,49,66
"853",33000,5,6,1,1,2,12,33,66
"854",15000,5,8,2,1,1,12,22,68
"855",16000,5,10,1,1,2,12,57,70
"856",5000,5,2,2,1,2,12,12,62
"857",8000,5,6,2,1,2,14,47,66
"858",32000,5,3,2,2,2,16,56,63
"859",14500,6,3,1,1,2,12,66,75
"860",13000,5,7,2,1,2,12,61,67
"865",7000,5,3,2,1,2,9,65,63
"866",50000,5,5,2,2,2,18,25,65
"867",12000,5,9,2,2,2,12,55,69
"868",19000,5,11,1,1,2,14,29,71
"870",9000,5,2,2,1,2,12,35,62
"872",20000,5,5,2,2,2,12,55,65
"873",55000,6,0,1,1,1,18,55,72
"877",10000,5,5,2,1,2,12,50,65
"880",13000,5,3,2,1,2,12,71,63
"882",20000,5,4,2,1,2,13,59,64
"884",30000,6,0,1,1,2,12,64,72
"885",12000,5,4,2,1,2,12,56,64
"886",26000,5,10,2,1,2,13,57,70
"887",12500,5,5,2,1,2,12,63,65
"888",8000,5,4,2,1,2,12,61,64
"889",15000,5,4,2,1,1,16,58,64
"890",65000,5,7,1,1,2,14,65,67
"891",25000,6,1,1,1,2,10,69,73
"892",8000,6,1,1,1,1,14,69,73
"893",15000,5,5,1,3,2,14,69,65
"894",12000,5,4,2,1,2,16,50,64
"896",35000,5,7,2,2,2,13,53,67
"897",40000,5,7,1,1,2,16,59,67
"899",29000,6,2,1,1,2,12,68,74
"903",15000,5,3,2,1,2,13,59,63
"904",20000,6,2,1,1,2,12,54,74
"905",3000,6,2,1,2,2,6,28,74
"906",1000,5,3,2,2,2,16,71,63
"907",8000,5,2,2,2,2,11,67,62
"908",5000,5,2,2,1,2,12,72,62
"909",25000,5,7,2,1,2,16,63,67
"911",20000,5,9,1,1,2,12,33,69
"913",30000,6,1,1,1,2,12,56,73
"914",12000,5,3,2,1,2,12,55,63
"922",10000,5,7,2,1,2,14,58,67
"923",16000,5,9,1,1,2,12,71,69
"924",45000,5,11,1,1,2,12,61,71
"925",40000,6,0,1,1,2,14,36,72
"929",25000,5,10,1,1,2,14,9,70
"930",19000,5,4,2,1,2,14,38,64
"931",17600,5,4,2,1,2,16,60,64
"932",7000,5,8,1,1,2,12,23,68
"933",30000,6,2,1,1,2,12,58,74
"934",18000,5,2,2,1,2,11,43,62
"936",25000,5,5,2,1,2,16,43,65
"938",6000,5,0,2,1,2,5,28,60
"939",70000,5,9,1,1,2,18,48,69
"940",15000,5,1,2,3,2,16,56,61
"942",25000,5,5,2,1,2,17,57,65
"943",35000,5,6,2,1,2,16,62,66
"944",18000,5,10,1,1,2,16,66,70
"945",28000,6,0,1,2,2,15,60,72
"948",15000,5,4,2,1,1,11,69,64
"949",22000,5,11,1,1,1,14,62,71
"951",35000,6,1,1,1,2,12,60,73
"952",18000,5,4,2,2,2,15,44,64
"953",35000,5,8,1,1,2,14,53,68
"954",16400,5,4,2,2,2,12,69,64
"955",22000,5,6,1,2,2,16,53,66
"956",30000,5,7,2,1,2,16,32,67
"957",17000,5,4,2,1,1,12,63,64
"958",25000,5,4,2,2,2,14,54,64
"959",10000,5,2,2,1,2,12,39,62
"960",40000,5,9,1,1,2,12,53,69
"961",12500,5,3,2,1,2,12,27,63
"965",35000,6,0,1,1,2,15,45,72
"967",105000,6,3,1,1,2,12,41,75
"969",1e+05,5,10,1,1,2,18,50,70
"971",21000,5,9,1,1,2,12,39,69
"972",10000,5,4,2,1,2,14,34,64
"973",33000,6,0,1,1,2,12,64,72
"974",26000,5,9,1,1,2,18,65,69
"975",60000,5,3,2,1,2,10,12,63
"978",18000,5,11,1,1,2,16,45,71
"980",15000,4,11,2,1,2,8,29,59
"981",5000,5,8,1,1,2,13,70,68
"983",60000,6,5,1,1,2,17,48,77
"984",12000,5,8,2,1,2,14,21,68
"985",28000,5,10,1,2,2,18,52,70
"986",42000,5,9,1,1,2,18,47,69
"987",2000,5,3,2,1,2,12,57,63
"989",20000,6,1,1,2,2,18,57,73
"990",28000,5,6,1,3,2,15,50,66
"991",10000,6,0,1,2,2,17,28,72
"993",31000,6,0,1,2,2,12,59,72
"994",17000,5,9,2,2,2,13,53,69
"995",16000,5,7,2,1,2,12,51,67
"996",35000,5,6,2,1,2,15,52,66
"997",3000,5,7,2,1,2,12,64,67
"1001",16000,5,8,2,1,2,18,51,68
"1002",35000,5,5,2,2,2,15,48,65
"1003",27000,5,2,2,2,2,17,57,62
"1004",25000,5,9,1,1,2,17,61,69
"1006",40000,5,10,1,1,2,16,49,70
"1007",45000,5,6,2,1,2,16,47,66
"1008",14000,5,6,1,1,2,12,67,66
"1010",25000,5,6,2,1,2,14,53,66
"1012",40000,6,0,1,1,2,12,48,72
"1015",34000,5,9,1,1,2,12,55,69
"1016",40000,5,6,1,1,2,12,56,66
"1018",35000,5,9,1,1,2,14,62,69
"1019",12000,5,0,2,1,1,12,39,60
"1020",30000,5,5,2,1,2,17,47,65
"1021",23000,5,2,2,1,2,12,50,62
"1022",2000,5,7,2,1,2,12,60,67
"1023",20000,5,7,1,1,2,14,65,67
"1024",10000,5,8,2,2,2,9,28,68
"1030",60000,5,6,2,2,2,16,47,66
"1031",12000,6,2,1,2,2,16,49,74
"1032",25000,5,5,2,1,2,18,29,65
"1033",22000,5,3,2,2,2,14,17,63
"1035",8000,5,8,1,1,2,17,65,68
"1037",2000,5,6,2,1,2,16,69,66
"1040",18600,5,5,2,1,2,16,64,65
"1041",20000,5,2,2,1,2,14,70,62
"1042",1e+05,6,1,1,1,2,18,53,73
"1043",50000,5,2,2,1,2,15,50,62
"1044",27000,5,10,1,1,2,12,48,70
"1045",1000,4,10,2,2,2,12,32,58
"1046",18000,5,8,1,1,2,12,70,68
"1047",17000,5,7,2,1,2,14,67,67
"1048",10000,5,4,2,1,2,12,16,64
"1051",14000,5,10,1,1,2,14,55,70
"1052",7200,6,0,1,1,2,14,24,72
"1055",33000,5,3,2,1,2,17,51,63
"1056",23000,5,6,1,1,2,12,56,66
"1057",10000,5,5,2,1,2,12,49,65
"1058",22000,5,1,1,1,2,12,66,61
"1059",13000,5,1,2,1,1,12,71,61
"1060",33000,5,7,2,1,2,12,59,67
"1061",36000,6,1,1,1,2,12,54,73
"1063",10000,5,11,2,2,2,14,58,71
"1064",6000,5,4,2,1,2,12,30,64
"1066",12000,5,7,2,1,2,12,47,67
"1067",10000,5,2,2,1,2,11,43,62
"1068",21000,5,7,2,1,2,12,45,67
"1069",26000,5,9,1,1,2,12,58,69
"1070",22000,5,6,2,2,2,12,40,66
"1071",23000,5,6,2,2,2,15,36,66
"1072",20000,5,6,1,1,2,15,66,66
"1074",10000,5,6,2,1,2,13,52,66
"1075",15000,5,4,2,1,2,12,19,64
"1076",7000,6,0,1,2,2,14,66,72
"1077",15000,5,4,2,1,2,12,52,64
"1079",26000,5,5,2,1,2,16,56,65
"1081",10000,6,0,1,1,2,11,59,72
"1084",3000,5,11,1,1,2,14,70,71
"1085",27000,5,4,2,1,1,17,49,64
"1088",28000,5,4,2,1,2,17,65,64
"1090",15000,5,7,2,1,2,12,63,67
"1091",55000,6,3,1,1,2,18,60,75
"1092",20000,5,6,2,1,1,17,64,66
"1093",8500,5,7,2,1,2,12,46,67
"1097",30000,5,11,1,1,2,16,60,71
"1101",20000,5,8,2,1,2,12,59,68
"1103",22000,5,10,1,1,2,6,15,70
"1104",25000,5,7,1,1,2,16,64,67
"1109",3000,5,11,1,1,2,8,68,71
"1110",16000,5,3,2,1,2,12,41,63
"1114",10000,5,1,2,2,2,12,51,61
"1116",15000,5,5,2,2,2,12,62,65
"1117",28000,5,7,1,1,2,12,44,67
"1123",31500,5,5,1,1,2,14,55,65
"1124",95000,5,6,1,1,2,18,38,66
"1127",38000,5,7,1,1,2,12,50,67
"1130",30000,6,2,1,1,2,12,49,74
"1131",35900,6,2,1,1,2,16,48,74
"1132",12000,5,6,2,1,2,13,68,66
"1136",10000,5,9,2,1,2,16,65,69
"1137",45000,5,6,2,1,2,18,46,66
"1140",40000,6,2,1,1,2,16,34,74
"1142",21500,6,0,1,1,2,12,63,72
"1143",14000,5,6,1,1,2,12,28,66
"1144",38000,5,7,1,4,2,17,36,67
"1145",1000,5,5,2,1,2,12,72,65
"1146",14000,5,6,1,1,2,12,17,66
"1147",15000,5,5,2,1,2,12,59,65
"1152",24000,5,8,2,1,2,13,48,68
"1153",4500,5,4,2,1,2,16,67,64
"1154",18000,5,4,2,1,2,16,27,64
"1157",14000,5,3,2,1,2,12,70,63
"1158",10000,5,9,2,1,2,12,62,69
"1159",9500,5,7,2,1,2,12,58,67
"1160",11000,5,3,2,1,2,15,24,63
"1161",17000,5,7,1,1,2,12,23,67
"1162",6000,5,0,2,1,2,13,62,60
"1163",2500,5,2,2,1,2,11,32,62
"1164",40000,6,0,1,1,2,16,49,72
"1166",25000,5,7,1,1,2,16,51,67
"1169",28000,5,6,2,2,2,15,30,66
"1170",33000,5,6,2,2,2,12,45,66
"1172",4000,5,0,2,1,2,8,26,60
"1174",4100,5,5,1,1,2,16,60,65
"1176",25000,5,9,2,1,2,12,8,69
"1177",32000,6,0,1,1,2,12,62,72
"1180",13000,5,4,2,1,2,8,32,64
"1181",8000,5,4,1,1,1,8,63,64
"1186",17000,5,4,2,1,2,12,52,64
"1187",15000,5,7,2,1,2,12,13,67
"1188",18000,5,6,1,1,2,13,58,66
"1189",12000,6,1,1,1,2,12,66,73
"1190",7000,6,2,1,1,2,7,41,74
"1192",1200,5,5,2,1,2,14,68,65
"1197",14000,5,3,1,1,2,12,69,63
"1198",17000,5,3,2,1,2,12,50,63
"1199",30000,5,6,1,1,2,12,48,66
"1205",25000,5,10,1,1,2,12,37,70
"1207",22000,5,6,2,1,1,12,57,66
"1208",15000,5,3,2,1,2,12,69,63
"1210",27000,6,1,1,1,2,12,99,73
"1211",20000,5,3,2,1,2,16,64,63
"1212",9000,5,9,2,1,2,11,56,69
"1214",17000,6,1,1,1,2,12,60,73
"1218",1800,5,8,2,1,2,12,44,68
"1219",18000,5,4,2,1,2,12,44,64
"1220",25000,5,3,2,1,2,18,48,63
"1223",20000,5,10,1,2,2,16,49,70
"1224",75000,5,4,2,1,2,15,50,64
"1225",3500,5,6,2,1,2,12,50,66
"1226",36000,5,1,2,1,2,12,19,61
"1227",30000,6,0,1,1,2,12,65,72
"1228",25000,5,5,2,1,2,13,12,65
"1229",1000,5,4,2,1,2,14,64,64
"1230",60000,5,8,1,1,2,12,24,68
"1232",35000,6,2,1,1,2,13,14,74
"1233",9000,5,7,1,1,2,13,57,67
"1234",35000,5,10,1,1,2,9,6,70
"1235",11000,5,6,2,1,2,10,32,66
"1236",12000,5,11,1,1,2,12,38,71
"1237",30000,5,11,1,1,2,12,47,71
"1238",19000,5,11,1,2,2,7,33,71
"1240",9000,6,2,1,1,2,9,29,74
"1241",30000,6,3,1,1,2,16,61,75
"1243",9000,6,0,1,1,2,12,58,72
"1244",15000,5,6,2,1,1,16,60,66
"1245",8000,5,5,2,2,2,12,59,65
"1247",10000,5,6,2,1,2,10,15,66
"1249",33000,6,0,1,1,2,12,53,72
"1253",12000,5,0,2,1,1,12,62,60
"1254",18000,5,4,2,1,2,15,53,64
"1257",30000,5,5,2,1,2,13,29,65
"1258",12500,5,5,2,1,2,12,58,65
"1259",10000,5,2,2,2,2,12,54,62
"1260",8500,5,8,1,2,2,13,19,68
"1263",21000,6,1,1,2,2,14,44,73
"1265",21000,5,4,2,1,2,12,13,64
"1270",21000,5,8,2,1,2,17,65,68
"1272",5000,5,6,2,1,2,12,38,66
"1273",22000,5,11,2,1,2,17,54,71
"1275",30000,6,1,1,1,2,14,64,73
"1277",123000,5,1,2,1,2,14,32,61
"1278",8000,5,3,2,1,2,9,45,63
"1281",2000,5,4,2,1,2,9,65,64
"1282",7600,5,7,2,1,2,6,28,67
"1290",10000,5,3,2,1,2,12,65,63
"1291",35000,6,1,1,1,2,12,42,73
"1293",15000,5,6,2,1,2,16,33,66
"1294",4000,5,10,2,1,2,12,68,70
"1295",16000,5,8,1,1,2,8,66,68
"1296",200,5,7,2,1,2,12,57,67
"1297",23000,6,2,1,1,2,16,65,74
"1298",16000,5,4,2,1,2,16,63,64
"1301",6000,5,0,2,1,2,12,41,60
"1302",600,4,11,2,1,2,9,44,59
"1308",28000,6,3,1,4,2,16,56,75
"1310",4000,5,6,2,1,2,8,24,66
"1311",15000,5,4,1,1,2,12,55,64
"1312",15000,5,11,1,1,2,12,65,71
"1316",25000,5,3,2,1,2,12,60,63
"1317",15000,5,7,2,1,2,12,64,67
"1319",40000,5,9,1,1,2,11,46,69
"1320",30000,5,10,1,1,2,11,39,70
"1321",5000,5,6,2,1,2,12,61,66
"1322",35000,6,2,1,1,2,14,56,74
"1323",16000,5,5,2,1,2,14,59,65
"1326",28000,5,4,2,1,2,16,50,64
"1327",20000,5,8,1,1,2,15,48,68
"1328",21000,5,6,1,1,2,13,60,66
"1330",17000,5,9,1,2,2,12,48,69
"1331",24000,5,0,2,1,2,13,40,60
"1332",25000,5,1,2,1,2,12,15,61
"1333",40000,6,3,1,1,2,12,44,75
"1338",8000,5,4,2,1,2,13,71,64
"1340",19000,5,3,2,1,1,15,45,63
"1343",45000,5,7,2,1,2,16,21,67
"1344",5000,5,4,1,2,2,17,57,64
"1346",24000,5,3,2,2,2,14,50,63
"1347",5000,5,7,2,1,2,14,71,67
"1349",33000,5,6,1,1,2,16,56,66
"1350",24000,5,5,2,1,2,14,66,65
"1351",6000,5,3,2,1,2,13,67,63
"1352",90000,5,6,2,1,2,14,35,66
"1354",57000,5,4,2,1,2,18,43,64
"1356",13800,5,11,1,1,2,14,36,71
"1357",30000,5,11,1,1,2,18,53,71
"1358",15000,6,0,1,1,2,12,50,72
"1359",15000,5,0,2,1,2,14,15,60
"1360",31000,5,10,1,1,2,12,61,70
"1361",33000,6,2,1,1,2,17,50,74
"1363",30000,5,8,1,1,2,18,29,68
"1364",12000,6,2,1,1,2,12,52,74
"1365",5000,6,3,1,1,2,12,68,75
"1366",21000,5,8,1,1,2,12,31,68
"1368",28000,5,3,2,1,2,18,44,63
"1371",12000,6,0,1,1,2,12,59,72
"1372",19000,5,4,2,1,2,12,44,64
"1373",6000,5,3,2,1,2,14,55,63
"1374",5300,5,6,2,1,2,13,30,66
"1376",15000,5,1,2,1,2,13,62,61
"1381",17000,6,1,1,1,2,12,44,73
"1383",4700,5,6,2,2,2,12,12,66
"1386",9500,5,2,2,1,2,12,25,62
"1387",1700,5,5,1,1,2,12,68,65
"1389",5400,5,2,2,1,2,12,59,62
"1390",10000,5,8,1,1,2,12,59,68
"1391",25000,4,11,2,1,2,15,7,59
"1402",35000,5,8,2,1,2,16,47,68
"1404",28000,5,3,2,1,2,18,46,63
"1405",42000,5,3,2,1,2,12,50,63
"1407",45000,5,8,1,1,2,12,32,68
"1408",55000,5,4,2,1,2,12,39,64
"1412",36000,5,10,2,1,2,16,60,70
"1414",25000,5,10,1,1,2,10,59,70
"1415",19000,6,0,1,1,2,12,62,72
"1416",38000,5,9,1,1,2,11,40,69
"1417",15000,5,3,2,1,2,14,53,63
"1418",4500,4,10,2,1,2,5,5,58
"1419",96000,5,3,2,1,2,14,63,63
"1420",11000,5,3,2,1,2,12,43,63
"1421",9000,6,1,1,1,2,15,56,73
"1422",5000,5,9,2,1,2,14,66,69
"1423",50000,5,10,1,1,2,12,39,70
"1427",6000,5,5,2,1,2,13,46,65
"1428",1e+05,6,0,1,1,2,13,68,72
"1429",16500,5,2,2,1,2,13,44,62
"1435",32000,6,0,1,1,2,14,50,72
"1436",30000,6,1,1,1,2,18,49,73
"1437",10000,5,8,2,1,2,16,48,68
"1440",15000,5,6,2,1,2,12,71,66
"1442",6500,5,0,2,1,2,8,7,60
"1443",26000,5,0,2,1,2,18,27,60
"1444",17000,5,5,2,1,2,12,31,65
"1445",22000,5,3,2,4,2,18,31,63
"1447",10000,5,4,2,1,2,12,49,64
"1448",50000,5,11,1,1,2,14,32,71
"1449",20000,5,7,1,1,2,12,55,67
"1453",400,5,3,2,1,2,12,59,63
"1455",16000,5,5,2,1,2,14,31,65
"1457",10000,5,6,2,1,2,12,24,66
"1458",14000,5,3,2,1,2,13,32,63
"1459",5000,5,5,2,1,2,15,70,65
"1460",40000,6,2,1,1,2,16,56,74
"1461",5000,5,7,2,1,2,13,35,67
"1462",25000,5,8,2,1,2,17,43,68
"1463",12000,5,5,2,1,2,12,39,65
"1464",58000,5,4,2,1,2,16,56,64
"1465",18000,5,8,2,1,2,16,64,68
"1466",1000,5,5,1,1,2,12,72,65
"1467",21000,6,0,1,1,2,17,43,72
"1468",11000,5,6,1,2,2,12,28,66
"1470",13000,5,4,2,1,2,12,54,64
"1472",20000,5,0,2,4,2,16,2,60
"1473",25000,6,0,1,2,2,12,55,72
"1476",600,5,4,2,1,2,12,47,64
"1477",25000,5,7,1,2,2,14,64,67
"1479",36000,5,8,1,1,2,12,62,68
"1480",15000,5,4,2,4,2,13,57,64
"1482",3500,5,6,2,1,2,12,39,66
"1483",19005,5,5,2,1,2,16,56,65
"1484",62000,5,10,1,1,2,14,36,70
"1486",25000,5,10,1,1,2,12,48,70
"1487",50000,5,6,1,1,2,12,38,66
"1490",40000,5,6,1,1,2,12,29,66
"1491",26000,6,2,1,1,2,18,64,74
"1494",22000,5,2,2,1,2,12,42,62
"1495",21000,5,6,2,1,2,17,51,66
"1496",6108,5,2,2,1,2,12,25,62
"1497",30000,5,5,2,2,2,18,26,65
"1501",6000,5,3,2,1,2,12,12,63
"1503",27000,5,11,1,1,2,16,61,71
"1505",4000,5,6,2,1,2,16,48,66
"1507",4416,5,2,2,9,2,6,18,62
"1512",5000,5,3,2,1,2,10,3,63
"1514",45000,5,7,1,1,2,18,50,67
"1515",18000,5,1,2,1,2,14,45,61
"1516",6000,5,6,2,1,2,15,68,66
"1518",14000,6,0,1,1,2,12,66,72
"1519",35000,5,9,2,1,2,14,66,69
"1521",15000,5,4,2,1,2,16,61,64
"1522",12000,5,3,2,2,2,12,61,63
"1523",1000,5,0,2,1,2,12,43,60
"1524",32000,5,10,1,2,2,15,57,70
"1528",1500,6,1,1,1,2,12,71,73
"1531",3000,5,5,2,2,2,16,67,65
"1533",35000,5,4,2,1,2,12,48,64
"1536",70000,6,0,1,1,2,15,42,72
"1537",21000,5,7,2,1,2,16,62,67
"1538",50000,5,9,1,1,2,11,72,69
"1539",15000,5,11,1,1,2,9,69,71
"1544",9000,5,6,2,2,2,8,55,66
"1547",10000,5,3,2,2,2,14,65,63
"1551",30000,5,11,1,1,2,12,43,71
"1552",16000,6,0,1,1,2,14,69,72
"1553",20000,5,8,1,1,2,12,39,68
"1555",1e+05,6,0,1,1,2,17,36,72
"1557",10000,5,6,2,1,2,12,47,66
"1559",35000,5,6,1,1,2,14,27,66
"1560",7000,5,5,2,1,2,16,59,65
"1564",8000,5,11,1,2,2,14,63,71
"1565",11000,6,2,1,1,2,10,40,74
"1566",25000,5,10,1,1,2,9,43,70
"1567",25000,5,4,2,1,2,14,45,64
"1568",30000,5,9,1,1,2,14,42,69
"1571",48000,5,3,2,1,2,18,56,63
"1572",17000,5,8,2,1,2,12,44,68
"1578",26000,6,1,1,1,2,16,66,73
"1580",10000,5,3,2,1,2,12,29,63
"1584",60000,5,11,1,1,2,18,37,71
"1585",22000,5,5,2,1,2,18,61,65
"1590",6200,5,4,2,1,2,13,7,64
"1591",24000,5,5,2,1,2,16,58,65
"1592",20000,5,11,1,1,2,14,50,71
"1593",7000,5,10,2,1,2,14,60,70
"1597",30000,5,8,2,2,2,16,42,68
"1598",23000,5,6,2,1,2,18,62,66
"1599",20000,5,4,2,1,2,12,50,64
"1600",3000,5,6,2,1,2,16,61,66
"1602",30000,5,10,1,1,2,16,49,70
"1604",12000,5,4,2,1,2,14,67,64
"1609",40000,5,11,1,1,2,12,52,71
"1610",15000,5,4,2,1,2,14,67,64
"1613",36000,5,3,2,1,2,16,45,63
"1614",10000,5,6,2,1,2,12,37,66
"1617",13000,5,8,2,1,2,14,42,68
"1620",10000,5,2,2,2,2,12,63,62
"1621",30000,5,9,1,2,1,12,53,69
"1624",23000,5,4,1,1,2,13,58,64
"1625",20000,5,10,1,1,2,17,22,70
"1626",19000,5,5,2,1,2,13,8,65
"1628",20000,5,1,1,2,2,11,24,61
"1629",28000,5,4,1,2,2,14,27,64
"1630",13000,5,5,2,1,2,10,10,65
"1631",12000,5,4,1,1,2,12,15,64
"1633",20000,5,9,1,1,2,11,67,69
"1637",25000,6,2,1,1,2,12,60,74
"1639",25000,5,8,2,1,2,13,38,68
"1642",18000,5,7,2,1,2,16,50,67
"1645",6000,5,2,2,1,2,10,22,62
"1646",16000,6,0,1,1,2,13,67,72
"1647",45000,6,1,1,1,2,16,52,73
"1649",25000,5,10,1,1,2,14,21,70
"1650",12000,5,4,2,1,2,14,52,64
"1651",2000,5,8,2,1,2,12,72,68
"1654",10000,5,3,2,1,2,12,72,63
"1656",14000,5,11,1,1,2,12,54,71
"1657",15000,5,4,2,1,2,12,59,64
"1659",10000,5,0,2,1,2,12,51,60
"1661",1200,5,6,2,1,2,4,26,66
"1663",15000,4,11,2,1,2,14,28,59
"1664",10000,5,3,2,1,2,13,26,63
"1665",2000,5,6,1,1,2,12,72,66
"1668",4000,5,5,2,1,2,13,57,65
"1670",10000,5,4,2,1,2,14,58,64
"1675",1500,5,6,2,1,2,12,67,66
"1676",18000,5,6,1,9,1,17,64,66
"1677",4000,6,1,1,1,2,15,66,73
"1678",28000,6,0,1,1,2,16,64,72
"1679",10000,6,2,2,1,2,14,68,74
"1680",3000,5,5,2,1,2,16,68,65
"1683",12000,5,11,1,1,2,12,69,71
"1685",19000,5,8,2,1,2,13,45,68
"1687",36000,5,10,1,1,2,16,51,70
"1688",7000,5,4,2,1,2,16,31,64
"1689",35000,4,11,2,1,2,11,56,59
"1692",40000,5,8,1,1,2,18,47,68
"1693",15000,5,8,1,1,2,14,65,68
"1694",8000,5,9,2,1,2,13,47,69
"1695",25000,5,9,2,1,2,14,35,69
"1697",28000,6,3,1,1,2,18,52,75
"1698",22000,5,9,1,1,2,14,55,69
"1700",21500,6,0,1,2,2,13,66,72
"1701",3000,5,8,2,1,2,12,67,68
"1703",23000,6,0,1,1,2,13,62,72
"1705",18000,6,0,1,1,2,12,17,72
"1707",20000,5,7,1,1,2,16,19,67
"1711",16000,5,3,2,1,1,12,44,63
"1712",15000,5,9,1,1,2,12,64,69
"1713",53000,5,3,2,9,1,17,58,63
"1715",26000,6,0,1,1,2,12,63,72
"1717",4000,5,5,2,4,2,12,62,65
"1718",10000,6,1,1,1,2,16,31,73
"1720",43000,5,9,1,1,2,12,39,69
"1722",17000,5,9,1,3,2,14,57,69
"1723",4000,5,1,2,1,1,12,52,61
"1728",50000,6,1,1,1,2,15,42,73
"1730",55000,5,7,2,1,2,18,39,67
"1731",28000,5,3,2,1,2,16,49,63
"1735",5000,5,2,2,1,2,14,42,62
"1736",18000,5,5,2,1,2,13,41,65
"1737",21000,6,0,1,1,1,15,28,72
"1739",12000,5,7,2,1,2,12,57,67
"1740",33000,5,5,2,1,1,16,28,65
"1742",50000,6,0,1,1,1,13,26,72
"1743",6000,5,5,2,1,1,9,16,65
"1744",16000,5,4,2,1,2,14,31,64
"1745",35000,5,8,1,1,2,12,40,68
"1746",25000,5,8,2,1,2,12,47,68
"1748",20000,6,4,1,1,2,14,64,76
"1749",18000,5,3,2,1,2,12,54,63
"1750",34000,6,2,1,1,2,14,12,74
"1752",25000,5,8,1,1,2,16,65,68
"1755",20000,6,0,1,1,2,17,13,72
"1756",33000,5,8,1,1,2,12,21,68
"1759",4000,5,5,2,1,2,12,17,65
"1761",20000,5,0,2,1,2,8,13,60
"1762",40000,6,0,1,1,2,16,57,72
"1764",14000,5,4,2,1,2,14,50,64
"1765",12000,5,8,2,1,2,12,42,68
"1766",25000,5,1,2,1,2,12,59,61
"1768",70000,5,7,2,1,2,10,18,67
"1769",38000,5,7,2,1,2,17,35,67
"1770",14000,5,3,2,1,2,12,62,63
"1773",15000,5,0,2,1,2,13,53,60
"1774",17000,6,2,1,1,2,16,59,74
"1776",60000,5,9,1,1,2,14,24,69
"1777",15000,5,7,2,1,2,15,21,67
"1778",25000,5,5,1,1,2,16,4,65
"1779",18000,5,2,1,1,1,12,27,62
"1782",70000,6,0,1,1,2,18,43,72
"1784",30000,5,5,2,1,2,18,31,65
"1786",8000,5,2,2,1,2,12,39,62
"1787",30000,5,11,1,1,2,16,56,71
"1789",27000,5,11,1,1,2,14,58,71
"1790",47000,5,10,1,1,2,18,47,70
"1791",12000,5,7,1,1,1,12,68,67
"1793",24000,5,2,2,1,2,17,56,62
"1794",13000,5,3,2,1,1,12,55,63
"1795",80000,5,1,2,1,2,14,53,61
"1796",5000,6,0,1,1,2,12,72,72
"1798",25000,5,3,2,1,2,10,30,63
"1799",28000,5,6,1,1,2,12,46,66
"1800",8000,5,4,2,1,2,15,70,64
"1801",10000,5,6,2,1,2,13,39,66
"1802",9000,5,8,2,1,2,14,49,68
"1803",20000,5,0,2,1,2,12,53,60
"1804",12000,5,5,1,1,2,12,19,65
"1805",15000,5,5,2,1,2,14,24,65
"1806",20000,5,1,2,1,2,14,54,61
"1809",28000,5,4,2,1,2,14,54,64
"1810",265,5,6,2,1,2,15,69,66
"1811",35000,5,9,1,1,2,14,16,69
"1813",26000,5,6,2,1,1,14,58,66
"1814",27000,5,7,2,1,2,17,56,67
"1815",14000,5,8,2,1,2,12,60,68
"1816",32000,5,6,1,1,2,16,57,66
"1817",10000,5,9,2,1,2,14,58,69
"1819",7000,5,9,1,1,2,16,60,69
"1820",28000,5,11,1,1,2,17,44,71
"1822",60000,6,2,1,1,2,13,36,74
"1825",12000,5,9,1,1,2,4,28,69
"1831",15000,6,3,2,1,2,13,15,75
"1837",15000,6,0,1,1,2,11,27,72
"1838",26000,5,4,2,1,2,15,58,64
"1841",26000,6,0,1,1,1,16,65,72
"1842",18720,5,3,2,2,2,10,54,63
"1845",12000,5,4,2,2,2,12,17,64
"1846",80000,5,10,1,1,2,17,51,70
"1847",48000,5,6,2,1,2,13,51,66
"1849",18000,5,2,1,3,2,16,63,62
"1852",85000,5,10,1,1,2,15,25,70
"1853",35000,5,4,2,2,2,12,43,64
"1854",5000,5,9,1,1,2,16,68,69
"1855",9000,5,4,2,1,1,13,68,64
"1856",30000,5,7,2,1,2,16,63,67
"1857",80000,6,0,1,1,2,14,32,72
"1858",35000,5,5,2,1,2,16,58,65
"1859",12000,5,3,2,1,2,14,56,63
"1860",2e+05,5,10,1,1,2,18,56,70
"1861",4000,5,4,2,1,2,16,45,64
"1862",2000,5,8,1,1,2,12,72,68
"1863",24000,5,6,2,1,2,18,21,66
"1864",2000,5,6,1,1,1,15,67,66
"1866",15000,5,10,1,1,2,17,60,70
"1869",6000,5,2,2,1,2,12,25,62
"1870",5000,5,6,1,1,2,12,15,66
"1871",1500,5,6,2,1,1,12,69,66
"1872",28000,5,4,2,1,2,18,42,64
"1873",9000,5,10,2,1,2,12,55,70
"1874",60000,6,2,1,1,2,14,38,74
"1876",1200,5,6,1,1,2,12,71,66
"1877",1400,5,2,2,1,1,3,26,62
"1879",7000,5,6,2,1,2,13,47,66
"1882",21000,5,2,2,1,2,12,59,62
"1883",44000,5,9,1,1,2,12,32,69
"1885",29000,5,8,1,2,2,16,54,68
"1886",3000,6,0,1,1,1,14,72,72
"1887",12000,5,4,1,2,2,13,68,64
"1890",20000,6,0,1,1,1,12,62,72
"1891",1200,5,2,2,2,2,5,17,62
"1893",37000,6,2,1,1,2,16,65,74
"1894",8000,5,6,1,3,2,10,30,66
"1895",35000,5,8,1,3,1,16,60,68
"1897",25000,5,2,1,3,2,14,53,62
"1898",18000,5,11,2,1,2,10,61,71
"1899",30000,5,3,2,2,2,16,54,63
"1902",20000,5,9,1,1,2,18,21,69
"1904",12000,5,11,1,1,1,6,50,71
"1906",10000,5,6,2,1,2,12,22,66
"1907",18000,6,0,1,1,2,14,42,72
"1911",20000,6,0,1,2,2,12,64,72
"1912",31000,5,8,2,1,2,16,47,68
"1914",6000,5,4,1,1,1,10,54,64
"1917",12000,5,10,1,1,2,13,50,70
"1920",13000,5,6,2,1,2,16,57,66
"1921",26000,5,7,2,1,2,17,56,67
"1922",15000,5,8,2,2,2,11,59,68
"1923",30000,5,4,2,1,2,17,62,64
"1924",2000,5,5,2,1,2,14,49,65
"1925",5000,5,10,1,4,2,13,68,70
"1926",53000,5,11,2,1,2,14,64,71
"1929",2000,5,2,2,1,2,13,72,62
"1930",25000,5,11,1,1,2,17,61,71
"1931",5000,6,2,1,1,2,12,72,74
"1932",21000,5,4,2,1,2,13,63,64
"1935",17000,5,10,2,1,2,15,63,70
"1937",12000,5,4,2,1,2,13,53,64
"1938",42000,5,10,1,1,1,14,46,70
"1939",21000,6,2,1,1,2,12,57,74
"1940",6000,5,3,2,1,1,12,25,63
"1942",25000,6,2,1,1,2,14,66,74
"1943",3000,5,6,2,1,2,14,71,66
"1944",3600,5,5,2,1,2,15,23,65
"1945",4000,5,11,1,1,2,12,71,71
"1946",20000,5,9,1,1,2,14,32,69
"1950",52000,5,0,1,1,2,15,40,60
"1951",60000,5,4,2,1,2,12,47,64
"1952",15000,5,4,2,1,2,13,49,64
"1954",90000,6,0,1,1,2,16,40,72
"1959",26000,5,1,2,1,2,14,25,61
"1961",2000,5,9,1,1,2,12,69,69
"1962",16000,5,7,2,1,2,12,29,67
"1963",24000,5,5,2,1,1,11,63,65
"1965",15000,5,8,1,1,1,16,62,68
"1967",42000,6,2,1,1,2,17,47,74
"1970",10000,5,5,2,1,2,12,47,65
"1971",17000,5,11,1,1,1,13,54,71
"1972",30000,5,4,2,1,2,14,56,64
"1974",32000,5,9,2,1,2,17,53,69
"1975",36000,5,4,2,1,1,17,56,64
"1976",10000,6,0,1,1,1,13,70,72
"1977",20000,5,3,2,1,2,15,61,63
"1979",24000,5,5,2,1,2,12,61,65
"1980",17000,6,0,1,1,2,12,58,72
"1981",23000,5,5,2,1,2,14,42,65
"1982",25000,5,4,2,1,2,12,57,64
"1983",50000,5,11,1,1,2,12,40,71
"1985",20000,5,2,2,1,2,12,60,62
"1986",30000,5,6,2,1,2,16,57,66
"1987",7000,5,4,2,1,2,10,51,64
"1988",7000,5,7,1,1,2,10,12,67
"1989",30000,5,8,1,1,2,11,58,68
"1990",3000,5,6,2,1,2,12,66,66
"1991",20000,5,6,2,1,2,14,47,66
"1992",40000,5,6,2,1,2,16,31,66
"1993",10000,5,7,1,1,2,12,13,67
"1994",16000,5,6,1,1,2,12,53,66
"1995",11000,5,3,2,1,2,9,39,63
"1996",16000,5,8,2,1,2,13,47,68
"1997",18000,5,10,1,1,2,12,63,70
"1999",12000,5,3,2,1,2,16,64,63
"2000",4000,5,10,1,2,2,14,69,70
"2001",60000,6,0,1,1,2,12,45,72
"2002",43000,6,3,1,1,2,17,50,75
"2003",31000,5,2,2,1,2,14,51,62
"2004",50000,5,8,2,1,2,17,51,68
"2005",27000,5,8,2,1,2,14,61,68
"2006",30000,5,10,1,1,2,17,34,70
"2007",12000,6,1,1,2,2,13,69,73
"2011",20000,5,2,2,1,2,17,60,62
"2013",15000,5,0,2,2,2,12,14,60
"2014",25000,5,4,2,3,2,16,53,64
"2016",2000,5,0,2,1,1,6,23,60
"2018",3000,6,1,1,1,1,15,70,73
"2020",110000,5,6,2,3,2,18,42,66
"2021",55000,5,9,1,1,2,18,19,69
"2022",58000,5,10,1,1,2,18,37,70
"2023",10000,5,10,2,1,2,16,54,70
"2024",19000,6,0,1,1,2,12,61,72
"2025",15000,5,1,2,1,2,18,8,61
"2026",8000,5,4,2,1,2,12,57,64
"2027",60000,6,0,1,1,2,12,40,72
"2029",6000,5,8,1,1,2,12,63,68
